Date      ,CAPE
1871-01-01,NA
1871-02-01,NA
1871-03-01,NA
1871-04-01,NA
1871-05-01,NA
1871-06-01,NA
1871-07-01,NA
1871-08-01,NA
1871-09-01,NA
1871-10-01,NA
1871-11-01,NA
1871-12-01,NA
1872-01-01,NA
1872-02-01,NA
1872-03-01,NA
1872-04-01,NA
1872-05-01,NA
1872-06-01,NA
1872-07-01,NA
1872-08-01,NA
1872-09-01,NA
1872-10-01,NA
1872-11-01,NA
1872-12-01,NA
1873-01-01,NA
1873-02-01,NA
1873-03-01,NA
1873-04-01,NA
1873-05-01,NA
1873-06-01,NA
1873-07-01,NA
1873-08-01,NA
1873-09-01,NA
1873-10-01,NA
1873-11-01,NA
1873-12-01,NA
1874-01-01,NA
1874-02-01,NA
1874-03-01,NA
1874-04-01,NA
1874-05-01,NA
1874-06-01,NA
1874-07-01,NA
1874-08-01,NA
1874-09-01,NA
1874-10-01,NA
1874-11-01,NA
1874-12-01,NA
1875-01-01,NA
1875-02-01,NA
1875-03-01,NA
1875-04-01,NA
1875-05-01,NA
1875-06-01,NA
1875-07-01,NA
1875-08-01,NA
1875-09-01,NA
1875-10-01,NA
1875-11-01,NA
1875-12-01,NA
1876-01-01,NA
1876-02-01,NA
1876-03-01,NA
1876-04-01,NA
1876-05-01,NA
1876-06-01,NA
1876-07-01,NA
1876-08-01,NA
1876-09-01,NA
1876-10-01,NA
1876-11-01,NA
1876-12-01,NA
1877-01-01,NA
1877-02-01,NA
1877-03-01,NA
1877-04-01,NA
1877-05-01,NA
1877-06-01,NA
1877-07-01,NA
1877-08-01,NA
1877-09-01,NA
1877-10-01,NA
1877-11-01,NA
1877-12-01,NA
1878-01-01,NA
1878-02-01,NA
1878-03-01,NA
1878-04-01,NA
1878-05-01,NA
1878-06-01,NA
1878-07-01,NA
1878-08-01,NA
1878-09-01,NA
1878-10-01,NA
1878-11-01,NA
1878-12-01,NA
1879-01-01,NA
1879-02-01,NA
1879-03-01,NA
1879-04-01,NA
1879-05-01,NA
1879-06-01,NA
1879-07-01,NA
1879-08-01,NA
1879-09-01,NA
1879-10-01,NA
1879-11-01,NA
1879-12-01,NA
1880-01-01,NA
1880-02-01,NA
1880-03-01,NA
1880-04-01,NA
1880-05-01,NA
1880-06-01,NA
1880-07-01,NA
1880-08-01,NA
1880-09-01,NA
1880-10-01,NA
1880-11-01,NA
1880-12-01,NA
1881-01-01,18.4739523
1881-02-01,18.14725816
1881-03-01,18.27011914
1881-04-01,17.95010828
1881-05-01,18.86971869
1881-06-01,19.02871073
1881-07-01,18.11636719
1881-08-01,17.28624355
1881-09-01,16.72483665
1881-10-01,16.26198941
1881-11-01,16.47864232
1881-12-01,15.95875421
1882-01-01,15.67876416
1882-02-01,15.15386153
1882-03-01,15.0916703
1882-04-01,14.91699717
1882-05-01,14.5671032
1882-06-01,14.32740489
1882-07-01,15.24055976
1882-08-01,15.52542933
1882-09-01,16.08110662
1882-10-01,15.75558103
1882-11-01,15.19267031
1882-12-01,15.38212833
1883-01-01,15.27025912
1883-02-01,14.75759015
1883-03-01,15.05125412
1883-04-01,15.48206722
1883-05-01,15.33549764
1883-06-01,15.90338839
1883-07-01,15.94878313
1883-08-01,15.19681088
1883-09-01,15.49469243
1883-10-01,15.04805627
1883-11-01,15.40821814
1883-12-01,14.89640394
1884-01-01,14.43282172
1884-02-01,14.80596023
1884-03-01,14.73602345
1884-04-01,14.35345368
1884-05-01,13.46505031
1884-06-01,12.90687648
1884-07-01,13.04393159
1884-08-01,13.85981334
1884-09-01,13.56915474
1884-10-01,13.27325132
1884-11-01,13.3044376
1884-12-01,13.43229275
1885-01-01,13.12981743
1885-02-01,13.38481759
1885-03-01,13.73419409
1885-04-01,13.54854854
1885-05-01,13.71137187
1885-06-01,13.97878437
1885-07-01,14.32665878
1885-08-01,15.1304108
1885-09-01,15.11628503
1885-10-01,15.99102396
1885-11-01,16.8240345
1885-12-01,16.30447595
1886-01-01,16.69231747
1886-02-01,17.00664826
1886-03-01,16.8432661
1886-04-01,16.80171613
1886-05-01,16.86319552
1886-06-01,17.83149406
1886-07-01,17.84584504
1886-08-01,17.7239128
1886-09-01,18.14714393
1886-10-01,18.56238134
1886-11-01,18.96831263
1886-12-01,18.19405756
1887-01-01,17.5122221
1887-02-01,17.1253666
1887-03-01,17.47321371
1887-04-01,17.82298364
1887-05-01,18.07544543
1887-06-01,17.70769566
1887-07-01,17.43146054
1887-08-01,16.73984961
1887-09-01,16.67662967
1887-10-01,15.88066681
1887-11-01,15.9507122
1887-12-01,15.45551345
1888-01-01,15.35866251
1888-02-01,15.41817832
1888-03-01,14.80897237
1888-04-01,15.02010868
1888-05-01,15.38791696
1888-06-01,15.07762882
1888-07-01,15.27964252
1888-08-01,15.60291167
1888-09-01,15.98782882
1888-10-01,15.71594187
1888-11-01,15.22374902
1888-12-01,14.9467483
1889-01-01,15.80228607
1889-02-01,16.19272045
1889-03-01,16.06504536
1889-04-01,16.05010453
1889-05-01,16.91542108
1889-06-01,17.21930294
1889-07-01,16.88921449
1889-08-01,17.13185398
1889-09-01,17.35078803
1889-10-01,17.0532144
1889-11-01,16.90602117
1889-12-01,16.61033808
1890-01-01,17.22007198
1890-02-01,17.02681498
1890-03-01,16.90112229
1890-04-01,17.25785454
1890-05-01,17.78643049
1890-06-01,17.68436084
1890-07-01,17.58929544
1890-08-01,16.59679113
1890-09-01,16.169702
1890-10-01,15.48284916
1890-11-01,14.74504349
1890-12-01,14.44299123
1891-01-01,15.42898009
1891-02-01,15.47652233
1891-03-01,15.05162336
1891-04-01,15.40894513
1891-05-01,15.56649523
1891-06-01,15.6582114
1891-07-01,15.61791924
1891-08-01,16.16399851
1891-09-01,17.71126141
1891-10-01,17.71656859
1891-11-01,17.67173917
1891-12-01,18.206303
1892-01-01,19.0163884
1892-02-01,19.03642504
1892-03-01,19.73805485
1892-04-01,19.94326524
1892-05-01,19.91146521
1892-06-01,19.7692844
1892-07-01,19.21188643
1892-08-01,19.2043038
1892-09-01,18.69427181
1892-10-01,19.04021492
1892-11-01,18.46331269
1892-12-01,18.01300925
1893-01-01,17.65664371
1893-02-01,17.12519385
1893-03-01,16.89958903
1893-04-01,17.10254158
1893-05-01,15.78098731
1893-06-01,15.41650386
1893-07-01,14.34985418
1893-08-01,14.58805654
1893-09-01,15.01206908
1893-10-01,15.27179415
1893-11-01,15.9424114
1893-12-01,15.61269434
1894-01-01,15.73986935
1894-02-01,16.2027366
1894-03-01,17.18762209
1894-04-01,17.43484908
1894-05-01,16.80875192
1894-06-01,16.6063197
1894-07-01,16.28967971
1894-08-01,16.45777707
1894-09-01,16.52231544
1894-10-01,16.50290421
1894-11-01,16.54278445
1894-12-01,16.67246633
1895-01-01,16.52444394
1895-02-01,16.33123769
1895-03-01,16.36462543
1895-04-01,16.38754382
1895-05-01,17.08036955
1895-06-01,17.20741354
1895-07-01,17.54601465
1895-08-01,18.07407255
1895-09-01,18.20033595
1895-10-01,17.94470662
1895-11-01,17.34299899
1895-12-01,16.54841516
1896-01-01,16.57622483
1896-02-01,17.51540335
1896-03-01,17.23236271
1896-04-01,17.64369938
1896-05-01,17.82826689
1896-06-01,17.77757862
1896-07-01,16.6371001
1896-08-01,15.70337055
1896-09-01,16.54433994
1896-10-01,16.4388668
1896-11-01,17.08942524
1896-12-01,16.50140418
1897-01-01,17.02652128
1897-02-01,16.89402588
1897-03-01,16.95803072
1897-04-01,16.69685743
1897-05-01,17.04775513
1897-06-01,17.85049728
1897-07-01,18.65197576
1897-08-01,19.00639601
1897-09-01,19.37237029
1897-10-01,19.02803122
1897-11-01,18.3584481
1897-12-01,18.74875766
1898-01-01,19.24900002
1898-02-01,18.91813189
1898-03-01,18.04217492
1898-04-01,17.70508943
1898-05-01,17.59563527
1898-06-01,19.54481748
1898-07-01,19.85894301
1898-08-01,20.54491518
1898-09-01,20.44273286
1898-10-01,19.94719983
1898-11-01,20.52741632
1898-12-01,21.40363199
1899-01-01,22.93280742
1899-02-01,23.04811755
1899-03-01,23.27968225
1899-04-01,23.15242153
1899-05-01,22.09126936
1899-06-01,21.21209193
1899-07-01,21.56142563
1899-08-01,21.72623737
1899-09-01,20.59114051
1899-10-01,20.15371346
1899-11-01,20.19645752
1899-12-01,18.51264964
1900-01-01,18.67427536
1900-02-01,18.70379742
1900-03-01,18.77579342
1900-04-01,18.93640203
1900-05-01,18.40319702
1900-06-01,17.99271158
1900-07-01,17.68954547
1900-08-01,18.06961467
1900-09-01,17.34187415
1900-10-01,18.10239878
1900-11-01,19.4195846
1900-12-01,20.74405116
1901-01-01,20.97858183
1901-02-01,21.67914985
1901-03-01,22.34758395
1901-04-01,24.40971699
1901-05-01,23.06401268
1901-06-01,25.23846621
1901-07-01,23.14484855
1901-08-01,23.07717771
1901-09-01,22.59046832
1901-10-01,22.25290162
1901-11-01,22.37507478
1901-12-01,21.68021514
1902-01-01,22.3402908
1902-02-01,22.45995745
1902-03-01,22.41065229
1902-04-01,22.8231087
1902-05-01,22.42795449
1902-06-01,21.9637423
1902-07-01,22.38568659
1902-08-01,23.16867183
1902-09-01,22.85656638
1902-10-01,20.6044254
1902-11-01,20.40854126
1902-12-01,19.63323213
1903-01-01,20.31813205
1903-02-01,20.10705152
1903-03-01,19.88456038
1903-04-01,18.9800226
1903-05-01,18.95485872
1903-06-01,17.81855172
1903-07-01,16.91817841
1903-08-01,16.29911879
1903-09-01,15.65435912
1903-10-01,15.25294383
1903-11-01,15.40787753
1903-12-01,16.04289414
1904-01-01,15.86183391
1904-02-01,15.02149838
1904-03-01,15.08193018
1904-04-01,15.56549061
1904-05-01,15.5258209
1904-06-01,15.47443364
1904-07-01,16.03640163
1904-08-01,16.30465198
1904-09-01,16.74260005
1904-10-01,17.63319737
1904-11-01,18.07620022
1904-12-01,18.15967912
1905-01-01,18.45985203
1905-02-01,19.16899638
1905-03-01,19.83150607
1905-04-01,19.48292752
1905-05-01,18.62948751
1905-06-01,18.73586239
1905-07-01,19.20588331
1905-08-01,19.57330843
1905-09-01,19.74349242
1905-10-01,19.89739481
1905-11-01,19.44352569
1905-12-01,19.57796081
1906-01-01,20.13240226
1906-02-01,19.86675256
1906-03-01,19.25945302
1906-04-01,18.876205
1906-05-01,18.05404446
1906-06-01,18.17266638
1906-07-01,18.19520014
1906-08-01,18.96725148
1906-09-01,19.20099368
1906-10-01,18.09538091
1906-11-01,18.14185165
1906-12-01,17.66000367
1907-01-01,17.21891385
1907-02-01,16.21707129
1907-03-01,14.68754526
1907-04-01,14.66970991
1907-05-01,13.79010715
1907-06-01,13.14426995
1907-07-01,13.58500736
1907-08-01,12.5134716
1907-09-01,12.32856966
1907-10-01,10.83184015
1907-11-01,10.59117756
1907-12-01,11.33330624
1908-01-01,11.90296863
1908-02-01,11.5548463
1908-03-01,11.98466266
1908-04-01,12.44888916
1908-05-01,13.07845136
1908-06-01,13.05168413
1908-07-01,13.3454871
1908-08-01,13.8842329
1908-09-01,13.70144227
1908-10-01,13.69081036
1908-11-01,14.43501409
1908-12-01,14.58248291
1909-01-01,14.76441846
1909-02-01,14.16715752
1909-03-01,14.33605838
1909-04-01,14.6451986
1909-05-01,14.95350979
1909-06-01,15.04044468
1909-07-01,15.23150324
1909-08-01,15.41758071
1909-09-01,15.25444644
1909-10-01,14.9888453
1909-11-01,14.74563118
1909-12-01,14.75063849
1910-01-01,14.54788504
1910-02-01,14.0020379
1910-03-01,14.05000697
1910-04-01,13.55988362
1910-05-01,13.56879229
1910-06-01,13.0196573
1910-07-01,12.34258126
1910-08-01,12.74505515
1910-09-01,12.9371611
1910-10-01,13.91886666
1910-11-01,14.16452318
1910-12-01,13.74147842
1911-01-01,14.04921518
1911-02-01,14.72148847
1911-03-01,14.37062322
1911-04-01,14.75293542
1911-05-01,15.04766059
1911-06-01,15.32835568
1911-07-01,15.08311058
1911-08-01,13.89979067
1911-09-01,12.99795398
1911-10-01,13.06647285
1911-11-01,13.72799759
1911-12-01,13.92925842
1912-01-01,13.79495263
1912-02-01,13.53163437
1912-03-01,13.63976917
1912-04-01,13.65439269
1912-05-01,13.64550069
1912-06-01,13.7854174
1912-07-01,13.80287665
1912-08-01,13.98476176
1912-09-01,13.926285
1912-10-01,13.9050927
1912-11-01,13.74954102
1912-12-01,13.38899945
1913-01-01,13.14808879
1913-02-01,12.68296052
1913-03-01,12.44345352
1913-04-01,12.43306708
1913-05-01,12.22140106
1913-06-01,11.49196285
1913-07-01,11.5340228
1913-08-01,11.84684054
1913-09-01,11.84331683
1913-10-01,11.47149024
1913-11-01,11.07253785
1913-12-01,11.17404087
1914-01-01,11.63609211
1914-02-01,11.91023388
1914-03-01,11.68552602
1914-04-01,11.52266254
1914-05-01,11.47900869
1914-06-01,11.42871517
1914-07-01,10.69434518
1914-08-01,10.49204627
1914-09-01,10.5004973
1914-10-01,10.61275947
1914-11-01,10.51691764
1914-12-01,10.17221799
1915-01-01,10.3598342
1915-02-01,10.32978621
1915-03-01,10.70701319
1915-04-01,11.40112379
1915-05-01,11.02692988
1915-06-01,11.15426219
1915-07-01,11.11362939
1915-08-01,11.58483164
1915-09-01,12.01157076
1915-10-01,12.54907613
1915-11-01,12.85771445
1915-12-01,12.8784446
1916-01-01,12.54356369
1916-02-01,12.35465233
1916-03-01,12.1770528
1916-04-01,11.90648178
1916-05-01,12.02625667
1916-06-01,11.99596122
1916-07-01,11.79116528
1916-08-01,11.73208264
1916-09-01,11.94455242
1916-10-01,12.04574176
1916-11-01,12.0532304
1916-12-01,11.41355919
1917-01-01,10.99236143
1917-02-01,10.06318774
1917-03-01,10.32715708
1917-04-01,9.644531197
1917-05-01,9.138988813
1917-06-01,9.14822026
1917-07-01,9.003472377
1917-08-01,8.572680467
1917-09-01,7.950823264
1917-10-01,7.387133711
1917-11-01,6.753013605
1917-12-01,6.412593898
1918-01-01,6.640646029
1918-02-01,6.784343552
1918-03-01,6.68635576
1918-04-01,6.520727731
1918-05-01,6.582363232
1918-06-01,6.496291319
1918-07-01,6.371324094
1918-08-01,6.303073761
1918-09-01,6.149170562
1918-10-01,6.290515321
1918-11-01,6.333327495
1918-12-01,6.134580411
1919-01-01,6.09846764
1919-02-01,6.239692771
1919-03-01,6.356074005
1919-04-01,6.456139556
1919-05-01,6.829002261
1919-06-01,7.021615215
1919-07-01,7.052837165
1919-08-01,6.479131102
1919-09-01,6.558481672
1919-10-01,6.7947042
1919-11-01,6.467022574
1919-12-01,6.160717034
1920-01-01,5.989667771
1920-02-01,5.45534765
1920-03-01,5.798822728
1920-04-01,5.599858726
1920-05-01,5.188950462
1920-06-01,5.04363968
1920-07-01,5.08059292
1920-08-01,5.020701078
1920-09-01,5.29716277
1920-10-01,5.351177393
1920-11-01,5.126407931
1920-12-01,4.784241045
1921-01-01,5.122184147
1921-02-01,5.274857191
1921-03-01,5.192348159
1921-04-01,5.297085923
1921-05-01,5.609469225
1921-06-01,5.216110961
1921-07-01,5.197779362
1921-08-01,5.161294823
1921-09-01,5.377524425
1921-10-01,5.479257678
1921-11-01,5.838196993
1921-12-01,6.114158849
1922-01-01,6.28708729
1922-02-01,6.461305873
1922-03-01,6.821387249
1922-04-01,7.27325339
1922-05-01,7.593467259
1922-06-01,7.557987352
1922-07-01,7.602095046
1922-08-01,8.02003069
1922-09-01,8.265083002
1922-10-01,8.432151999
1922-11-01,7.998253772
1922-12-01,7.964679865
1923-01-01,8.154200483
1923-02-01,8.533360579
1923-03-01,8.700737501
1923-04-01,8.372809668
1923-05-01,8.000497868
1923-06-01,7.671825283
1923-07-01,7.345985119
1923-08-01,7.441783174
1923-09-01,7.458183867
1923-10-01,7.317400396
1923-11-01,7.546327912
1923-12-01,7.809739145
1924-01-01,8.072249446
1924-02-01,8.162066221
1924-03-01,8.058077044
1924-04-01,7.923620348
1924-05-01,7.899698331
1924-06-01,8.051676946
1924-07-01,8.37771214
1924-08-01,8.717418309
1924-09-01,8.581670375
1924-10-01,8.419491036
1924-11-01,8.888327361
1924-12-01,9.31063968
1925-01-01,9.692618852
1925-02-01,9.830804723
1925-03-01,9.518537539
1925-04-01,9.476566788
1925-05-01,9.729007694
1925-06-01,9.79638618
1925-07-01,9.963993892
1925-08-01,10.11091846
1925-09-01,10.35924761
1925-10-01,10.718496
1925-11-01,10.88631744
1925-12-01,11.14736524
1926-01-01,11.34096619
1926-02-01,11.38943567
1926-03-01,10.71235206
1926-04-01,10.39558769
1926-05-01,10.57515846
1926-06-01,11.19797974
1926-07-01,11.86969406
1926-08-01,12.48880822
1926-09-01,12.69261482
1926-10-01,12.42651752
1926-11-01,12.61525121
1926-12-01,13.00905273
1927-01-01,13.18593063
1927-02-01,13.63396613
1927-03-01,14.03325751
1927-04-01,14.48822221
1927-05-01,15.00234706
1927-06-01,15.12033348
1927-07-01,15.82080259
1927-08-01,16.86286185
1927-09-01,17.81872371
1927-10-01,17.53723785
1927-11-01,18.13130143
1927-12-01,18.64662402
1928-01-01,18.80612857
1928-02-01,18.86885052
1928-03-01,19.9434178
1928-04-01,21.25790925
1928-05-01,21.83273218
1928-06-01,20.91342158
1928-07-01,21.08190544
1928-08-01,21.7621315
1928-09-01,23.00464945
1928-10-01,23.57834424
1928-11-01,25.12198457
1928-12-01,25.30159103
1929-01-01,27.08319962
1929-02-01,27.1316728
1929-03-01,27.67574844
1929-04-01,27.56845447
1929-05-01,27.69858688
1929-06-01,27.93546783
1929-07-01,29.93328941
1929-08-01,31.48031325
1929-09-01,32.5637886
1929-10-01,28.96106716
1929-11-01,21.171036
1929-12-01,22.00737318
1930-01-01,22.31072429
1930-02-01,23.69711775
1930-03-01,24.58660779
1930-04-01,25.84343686
1930-05-01,24.30976063
1930-06-01,21.86689933
1930-07-01,21.54879759
1930-08-01,21.30060224
1930-09-01,21.07258179
1930-10-01,18.21487015
1930-11-01,16.93971138
1930-12-01,16.05500186
1931-01-01,16.70547873
1931-02-01,18.16149244
1931-03-01,18.57956103
1931-04-01,16.87231533
1931-05-01,15.40154
1931-06-01,15.06247607
1931-07-01,15.5167501
1931-08-01,15.0062766
1931-09-01,12.81774526
1931-10-01,11.14592641
1931-11-01,11.4156003
1931-12-01,9.306032868
1932-01-01,9.312406455
1932-02-01,9.336932251
1932-03-01,9.413065028
1932-04-01,7.192233196
1932-05-01,6.39085729
1932-06-01,5.565059372
1932-07-01,5.838763672
1932-08-01,8.834653205
1932-09-01,9.761168564
1932-10-01,8.478606608
1932-11-01,8.463309567
1932-12-01,8.257073999
1933-01-01,8.728046163
1933-02-01,7.826051751
1933-03-01,7.874681323
1933-04-01,8.723101646
1933-05-01,11.24965125
1933-06-01,13.09887552
1933-07-01,13.75430449
1933-08-01,12.99952705
1933-09-01,12.92292061
1933-10-01,11.69625357
1933-11-01,12.01176619
1933-12-01,12.28180162
1934-01-01,13.02511983
1934-02-01,13.9269229
1934-03-01,13.25453763
1934-04-01,13.51838928
1934-05-01,12.18158324
1934-06-01,12.28772648
1934-07-01,11.74152423
1934-08-01,11.31502598
1934-09-01,10.90995408
1934-10-01,11.10835261
1934-11-01,11.44880869
1934-12-01,11.63933757
1935-01-01,11.49590797
1935-02-01,11.08781216
1935-03-01,10.3982724
1935-04-01,11.10421021
1935-05-01,11.98557668
1935-06-01,12.53951932
1935-07-01,13.20213794
1935-08-01,14.10505685
1935-09-01,14.4188917
1935-10-01,14.82623263
1935-11-01,16.12960516
1935-12-01,16.15919271
1936-01-01,17.08735985
1936-02-01,18.10453646
1936-03-01,18.6604782
1936-04-01,18.71899967
1936-05-01,17.75019252
1936-06-01,18.39300107
1936-07-01,19.36046451
1936-08-01,19.62306016
1936-09-01,19.86202424
1936-10-01,20.91309185
1936-11-01,21.49976534
1936-12-01,21.12566355
1937-01-01,21.61874158
1937-02-01,22.24422155
1937-03-01,22.04219702
1937-04-01,20.55657946
1937-05-01,19.47417469
1937-06-01,18.71165996
1937-07-01,19.64672328
1937-08-01,19.80698258
1937-09-01,16.84788286
1937-10-01,14.36165957
1937-11-01,13.15811917
1937-12-01,13.00848303
1938-01-01,13.51146192
1938-02-01,13.26307624
1938-03-01,12.37728623
1938-04-01,11.78951772
1938-05-01,11.99227593
1938-06-01,12.28896631
1938-07-01,14.77032802
1938-08-01,14.90358851
1938-09-01,14.28233051
1938-10-01,16.06114764
1938-11-01,16.1495718
1938-12-01,15.75648444
1939-01-01,15.59963441
1939-02-01,15.66469693
1939-03-01,15.72922374
1939-04-01,13.91699458
1939-05-01,14.5029295
1939-06-01,14.83382892
1939-07-01,15.2709526
1939-08-01,15.12008234
1939-09-01,16.45283558
1939-10-01,16.82120481
1939-11-01,16.59923851
1939-12-01,16.2804129
1940-01-01,16.37848034
1940-02-01,16.21611985
1940-03-01,16.17290631
1940-04-01,16.37098871
1940-05-01,14.13874769
1940-06-01,12.8437656
1940-07-01,13.36988476
1940-08-01,13.64939939
1940-09-01,14.2148426
1940-10-01,14.32829032
1940-11-01,14.63668925
1940-12-01,13.90842612
1941-01-01,13.90415827
1941-02-01,13.0029433
1941-03-01,12.95571982
1941-04-01,12.42937039
1941-05-01,12.03720651
1941-06-01,12.16430659
1941-07-01,12.74499628
1941-08-01,12.46317372
1941-09-01,12.27972927
1941-10-01,11.57781496
1941-11-01,10.91166869
1941-12-01,10.08659331
1942-01-01,10.10168643
1942-02-01,9.680255592
1942-03-01,9.003426618
1942-04-01,8.544255708
1942-05-01,8.50611626
1942-06-01,8.905456929
1942-07-01,9.150488901
1942-08-01,9.012823048
1942-09-01,9.077829839
1942-10-01,9.599176749
1942-11-01,9.661334152
1942-12-01,9.617514103
1943-01-01,10.15053422
1943-02-01,10.708983
1943-03-01,10.85054174
1943-04-01,11.03922714
1943-05-01,11.3622158
1943-06-01,11.51674479
1943-07-01,11.77421334
1943-08-01,11.2105459
1943-09-01,11.33628194
1943-10-01,11.1873355
1943-11-01,10.63103367
1943-12-01,10.73736032
1944-01-01,11.05241276
1944-02-01,10.94791889
1944-03-01,11.2246932
1944-04-01,10.93827519
1944-05-01,11.10373694
1944-06-01,11.53278527
1944-07-01,11.73877475
1944-08-01,11.54171167
1944-09-01,11.32856058
1944-10-01,11.58310519
1944-11-01,11.4784592
1944-12-01,11.63868359
1945-01-01,11.96046344
1945-02-01,12.34175355
1945-03-01,12.32331031
1945-04-01,12.63186724
1945-05-01,13.03656063
1945-06-01,13.13022336
1945-07-01,12.86702844
1945-08-01,12.91537856
1945-09-01,13.79826495
1945-10-01,14.37466268
1945-11-01,14.84770266
1945-12-01,15.02034747
1946-01-01,15.62316318
1946-02-01,15.76166653
1946-03-01,15.13487342
1946-04-01,16.04084239
1946-05-01,16.01372317
1946-06-01,15.77318688
1946-07-01,14.50813611
1946-08-01,13.98493931
1946-09-01,11.84126754
1946-10-01,11.38760296
1946-11-01,11.11004366
1946-12-01,11.37277943
1947-01-01,11.46929633
1947-02-01,11.94956531
1947-03-01,11.2879031
1947-04-01,10.90082513
1947-05-01,10.73367427
1947-06-01,11.08271586
1947-07-01,11.69644655
1947-08-01,11.33747236
1947-09-01,10.82746302
1947-10-01,11.13266204
1947-11-01,10.97540732
1947-12-01,10.68091253
1948-01-01,10.41934266
1948-02-01,9.999761169
1948-03-01,10.18668061
1948-04-01,10.77948448
1948-05-01,11.2410327
1948-06-01,11.58389576
1948-07-01,11.13462174
1948-08-01,10.72355666
1948-09-01,10.55301369
1948-10-01,10.82540981
1948-11-01,10.24809621
1948-12-01,10.15965294
1949-01-01,10.24828576
1949-02-01,9.872517141
1949-03-01,9.901332491
1949-04-01,9.783639868
1949-05-01,9.692295086
1949-06-01,9.067718943
1949-07-01,9.605038093
1949-08-01,9.851348638
1949-09-01,9.884048362
1949-10-01,10.16985084
1949-11-01,10.21586101
1949-12-01,10.5293309
1950-01-01,10.7457333
1950-02-01,10.91156407
1950-03-01,10.91094652
1950-04-01,11.1780216
1950-05-01,11.4615431
1950-06-01,11.55412614
1950-07-01,10.53974566
1950-08-01,11.04061167
1950-09-01,11.3373911
1950-10-01,11.66244404
1950-11-01,11.54217339
1950-12-01,11.30666579
1951-01-01,11.89575984
1951-02-01,12.14150737
1951-03-01,11.84162649
1951-04-01,11.9510972
1951-05-01,11.86387541
1951-06-01,11.61566486
1951-07-01,11.77819009
1951-08-01,12.25698908
1951-09-01,12.44495316
1951-10-01,12.3094579
1951-11-01,11.85203062
1951-12-01,12.14707257
1952-01-01,12.52705975
1952-02-01,12.36411935
1952-03-01,12.36233909
1952-04-01,12.24272868
1952-05-01,12.20047876
1952-06-01,12.44788158
1952-07-01,12.66911289
1952-08-01,12.67837824
1952-09-01,12.43467802
1952-10-01,12.13118356
1952-11-01,12.47346977
1952-12-01,12.93396431
1953-01-01,13.01077345
1953-02-01,12.85934688
1953-03-01,12.83481934
1953-04-01,12.16390145
1953-05-01,12.14197079
1953-06-01,11.62440789
1953-07-01,11.75020165
1953-08-01,11.7150762
1953-09-01,11.13934936
1953-10-01,11.39193477
1953-11-01,11.64407027
1953-12-01,11.75444918
1954-01-01,12.00265055
1954-02-01,12.21505249
1954-03-01,12.4201053
1954-04-01,12.90786818
1954-05-01,13.31204224
1954-06-01,13.3578859
1954-07-01,13.83300956
1954-08-01,14.04211235
1954-09-01,14.35647414
1954-10-01,14.61923194
1954-11-01,15.1173117
1954-12-01,15.789062
1955-01-01,15.99078106
1955-02-01,16.43772822
1955-03-01,16.21928295
1955-04-01,16.68526663
1955-05-01,16.51805783
1955-06-01,17.37009196
1955-07-01,18.45403191
1955-08-01,18.22232646
1955-09-01,18.84396065
1955-10-01,17.77232579
1955-11-01,18.83555929
1955-12-01,18.94236904
1956-01-01,18.29258539
1956-02-01,18.26611682
1956-03-01,19.3712101
1956-04-01,19.37059363
1956-05-01,18.54450659
1956-06-01,18.15816385
1956-07-01,18.8567976
1956-08-01,18.67093711
1956-09-01,17.8366408
1956-10-01,17.41895295
1956-11-01,17.12033974
1956-12-01,17.19752273
1957-01-01,16.71778008
1957-02-01,15.84373314
1957-03-01,15.90041711
1957-04-01,16.12370436
1957-05-01,16.59811079
1957-06-01,16.72991887
1957-07-01,16.86888238
1957-08-01,15.86894273
1957-09-01,15.15727449
1957-10-01,14.14945149
1957-11-01,13.73624224
1957-12-01,13.67324606
1958-01-01,13.78843155
1958-02-01,13.78490639
1958-03-01,13.92558992
1958-04-01,13.91350177
1958-05-01,14.32382497
1958-06-01,14.63555555
1958-07-01,14.9574571
1958-08-01,15.54456689
1958-09-01,15.93192318
1958-10-01,16.55980331
1958-11-01,16.98888358
1958-12-01,17.35835737
1959-01-01,17.98033934
1959-02-01,17.75916926
1959-03-01,18.20087185
1959-04-01,18.43075305
1959-05-01,18.69272144
1959-06-01,18.4485914
1959-07-01,19.09053398
1959-08-01,18.95880364
1959-09-01,18.12329056
1959-10-01,18.02196244
1959-11-01,18.07178913
1959-12-01,18.62472898
1960-01-01,18.33828499
1960-02-01,17.54527511
1960-03-01,17.28602072
1960-04-01,17.42976695
1960-05-01,17.25617058
1960-06-01,17.82336382
1960-07-01,17.37680647
1960-08-01,17.58211304
1960-09-01,17.05201547
1960-10-01,16.60510454
1960-11-01,17.14608845
1960-12-01,17.56209083
1961-01-01,18.47041699
1961-02-01,19.2340145
1961-03-01,19.84422527
1961-04-01,20.38284298
1961-05-01,20.59860684
1961-06-01,20.33241455
1961-07-01,20.14664374
1961-08-01,20.94168848
1961-09-01,20.70524304
1961-10-01,20.92419014
1961-11-01,21.85795772
1961-12-01,22.0414802
1962-01-01,21.1979314
1962-02-01,21.45168775
1962-03-01,21.44315857
1962-04-01,20.65833645
1962-05-01,19.0893675
1962-06-01,16.82757124
1962-07-01,17.14132566
1962-08-01,17.57126263
1962-09-01,17.32146115
1962-10-01,16.73982097
1962-11-01,17.85438649
1962-12-01,18.58583612
1963-01-01,19.25923169
1963-02-01,19.46919131
1963-03-01,19.28806461
1963-04-01,20.15007724
1963-05-01,20.50758586
1963-06-01,20.38414999
1963-07-01,19.96923189
1963-08-01,20.4726379
1963-09-01,20.96036009
1963-10-01,20.8913446
1963-11-01,20.72039934
1963-12-01,21.03859938
1964-01-01,21.6272162
1964-02-01,21.83267083
1964-03-01,22.16724559
1964-04-01,22.42219217
1964-05-01,22.57433077
1964-06-01,22.30028804
1964-07-01,22.98435185
1964-08-01,22.65040729
1964-09-01,22.89222198
1964-10-01,23.21215468
1964-11-01,23.22501979
1964-12-01,22.75298477
1965-01-01,23.26933508
1965-02-01,23.37206827
1965-03-01,23.2535282
1965-04-01,23.42055195
1965-05-01,23.70880831
1965-06-01,22.38534299
1965-07-01,22.30078171
1965-08-01,22.66597185
1965-09-01,23.37414683
1965-10-01,23.77574552
1965-11-01,23.92546116
1965-12-01,23.69411155
1966-01-01,24.05848339
1966-02-01,23.70002715
1966-03-01,22.61111258
1966-04-01,23.11369646
1966-05-01,21.85217798
1966-06-01,21.55525338
1966-07-01,21.38170201
1966-08-01,19.91390386
1966-09-01,19.16167625
1966-10-01,18.82540937
1966-11-01,19.71125121
1966-12-01,19.73647375
1967-01-01,20.43224213
1967-02-01,21.07444316
1967-03-01,21.4438986
1967-04-01,21.68602557
1967-05-01,21.94847739
1967-06-01,21.55209761
1967-07-01,21.80419625
1967-08-01,22.03062705
1967-09-01,22.21914549
1967-10-01,22.06819919
1967-11-01,21.26310297
1967-12-01,21.75159781
1968-01-01,21.5115359
1968-02-01,20.42499238
1968-03-01,19.93471131
1968-04-01,21.27735602
1968-05-01,21.63022714
1968-06-01,22.00462343
1968-07-01,21.75353742
1968-08-01,21.13776679
1968-09-01,21.68027563
1968-10-01,22.00460693
1968-11-01,22.19552923
1968-12-01,22.277873
1969-01-01,21.19496807
1969-02-01,20.8957299
1969-03-01,20.20228762
1969-04-01,20.42860808
1969-05-01,20.97225827
1969-06-01,19.71334158
1969-07-01,18.68170821
1969-08-01,18.42951559
1969-09-01,18.39804634
1969-10-01,18.44866203
1969-11-01,18.43776008
1969-12-01,17.32692991
1970-01-01,17.0905414
1970-02-01,16.37258679
1970-03-01,16.53169081
1970-04-01,15.87306782
1970-05-01,13.98383606
1970-06-01,13.7996918
1970-07-01,13.72649974
1970-08-01,14.10045652
1970-09-01,14.84266115
1970-10-01,15.0641854
1970-11-01,14.95076191
1970-12-01,15.87384069
1971-01-01,16.46179394
1971-02-01,17.03453478
1971-03-01,17.40290261
1971-04-01,17.92411045
1971-05-01,17.56415328
1971-06-01,17.08316688
1971-07-01,16.88941471
1971-08-01,16.51944944
1971-09-01,16.85679255
1971-10-01,16.42886271
1971-11-01,15.63871265
1971-12-01,16.60355721
1972-01-01,17.2629968
1972-02-01,17.46414761
1972-03-01,17.80564385
1972-04-01,17.91516168
1972-05-01,17.6626462
1972-06-01,17.64085732
1972-07-01,17.39869003
1972-08-01,17.94340469
1972-09-01,17.61385455
1972-10-01,17.53318385
1972-11-01,18.33889471
1972-12-01,18.64571944
1973-01-01,18.71253047
1973-02-01,17.8898896
1973-03-01,17.41214206
1973-04-01,16.93574007
1973-05-01,16.31433876
1973-06-01,15.80832305
1973-07-01,15.88951857
1973-08-01,15.27850109
1973-09-01,15.4753086
1973-10-01,15.91351631
1973-11-01,14.65184516
1973-12-01,13.49332969
1974-01-01,13.53072189
1974-02-01,12.95732128
1974-03-01,13.31036424
1974-04-01,12.55041105
1974-05-01,11.99543695
1974-06-01,11.88849882
1974-07-01,10.39414181
1974-08-01,9.824195723
1974-09-01,8.680421306
1974-10-01,8.744983834
1974-11-01,8.948984513
1974-12-01,8.289060056
1975-01-01,8.920995508
1975-02-01,9.762246716
1975-03-01,10.16379677
1975-04-01,10.23307614
1975-05-01,10.81813912
1975-06-01,11.01135461
1975-07-01,10.90276705
1975-08-01,10.08976959
1975-09-01,9.918905357
1975-10-01,10.32759978
1975-11-01,10.43585946
1975-12-01,10.25036842
1976-01-01,11.18505136
1976-02-01,11.58609299
1976-03-01,11.6317544
1976-04-01,11.68916413
1976-05-01,11.53205359
1976-06-01,11.54384163
1976-07-01,11.75749049
1976-08-01,11.597986
1976-09-01,11.80599095
1976-10-01,11.34569614
1976-11-01,11.24885586
1976-12-01,11.59758973
1977-01-01,11.43796135
1977-02-01,11.01484185
1977-03-01,10.89574651
1977-04-01,10.63603741
1977-05-01,10.54848669
1977-06-01,10.53002396
1977-07-01,10.56769245
1977-08-01,10.26838567
1977-09-01,10.06774282
1977-10-01,9.7666663
1977-11-01,9.766299984
1977-12-01,9.678266583
1978-01-01,9.241462261
1978-02-01,9.045263571
1978-03-01,8.950420078
1978-04-01,9.262588721
1978-05-01,9.634910729
1978-06-01,9.549678981
1978-07-01,9.425524048
1978-08-01,10.02397085
1978-09-01,9.941887473
1978-10-01,9.533608358
1978-11-01,8.928418902
1978-12-01,9.011941819
1979-01-01,9.257636919
1979-02-01,9.003740371
1979-03-01,9.07078503
1979-04-01,9.133063566
1979-05-01,8.79438329
1979-06-01,8.853937765
1979-07-01,8.827498046
1979-08-01,9.127165797
1979-09-01,9.112758991
1979-10-01,8.681843307
1979-11-01,8.518784303
1979-12-01,8.745204405
1980-01-01,8.850934181
1980-02-01,9.054476092
1980-03-01,8.081150901
1980-04-01,7.844024505
1980-05-01,8.104225807
1980-06-01,8.512077962
1980-07-01,8.880865527
1980-08-01,9.071005982
1980-09-01,9.196040132
1980-10-01,9.357841047
1980-11-01,9.654043663
1980-12-01,9.389902085
1981-01-01,9.259404531
1981-02-01,8.829899354
1981-03-01,9.081096884
1981-04-01,9.085561231
1981-05-01,8.818483467
1981-06-01,8.765340744
1981-07-01,8.445319468
1981-08-01,8.399806317
1981-09-01,7.581163052
1981-10-01,7.649141713
1981-11-01,7.810752566
1981-12-01,7.832562137
1982-01-01,7.388659973
1982-02-01,7.181823451
1982-03-01,6.950673794
1982-04-01,7.259072625
1982-05-01,7.192612484
1982-06-01,6.692133988
1982-07-01,6.6386531
1982-08-01,6.643422752
1982-09-01,7.3988382
1982-10-01,7.999840995
1982-11-01,8.347476938
1982-12-01,8.467738401
1983-01-01,8.756783224
1983-02-01,8.910493437
1983-03-01,9.232829705
1983-04-01,9.531581284
1983-05-01,9.874456505
1983-06-01,10.0001179
1983-07-01,10.014476
1983-08-01,9.728056936
1983-09-01,9.984202458
1983-10-01,10.0033918
1983-11-01,9.853581649
1983-12-01,9.815010904
1984-01-01,9.894931809
1984-02-01,9.324529646
1984-03-01,9.326747067
1984-04-01,9.305643405
1984-05-01,9.231831817
1984-06-01,9.010185512
1984-07-01,8.868302214
1984-08-01,9.623063257
1984-09-01,9.687341314
1984-10-01,9.595070703
1984-11-01,9.691973222
1984-12-01,9.595054801
1985-01-01,9.997001178
1985-02-01,10.49493517
1985-03-01,10.37321721
1985-04-01,10.39711872
1985-05-01,10.60812047
1985-06-01,10.81004985
1985-07-01,10.99756396
1985-08-01,10.73879981
1985-09-01,10.47123466
1985-10-01,10.55251698
1985-11-01,11.16461113
1985-12-01,11.69052147
1986-01-01,11.71500758
1986-02-01,12.3882191
1986-03-01,13.18902298
1986-04-01,13.55250417
1986-05-01,13.5600462
1986-06-01,13.88868863
1986-07-01,13.61999553
1986-08-01,13.88766755
1986-09-01,13.46731431
1986-10-01,13.42591886
1986-11-01,13.8729856
1986-12-01,14.08513981
1987-01-01,14.9222081
1987-02-01,15.82231814
1987-03-01,16.43334398
1987-04-01,16.19653445
1987-05-01,16.16031195
1987-06-01,16.82520731
1987-07-01,17.30600439
1987-08-01,18.32690725
1987-09-01,17.67562045
1987-10-01,15.53005556
1987-11-01,13.59088514
1987-12-01,13.38902851
1988-01-01,13.89833668
1988-02-01,14.29827096
1988-03-01,14.66894681
1988-04-01,14.43331642
1988-05-01,14.03189135
1988-06-01,14.76646865
1988-07-01,14.60831572
1988-08-01,14.24494631
1988-09-01,14.36942878
1988-10-01,14.81145015
1988-11-01,14.44553068
1988-12-01,14.70208675
1989-01-01,15.08807244
1989-02-01,15.46706046
1989-03-01,15.29896911
1989-04-01,15.68674266
1989-05-01,16.18635354
1989-06-01,16.64190424
1989-07-01,17.01340765
1989-08-01,17.73425144
1989-09-01,17.71422068
1989-10-01,17.64085385
1989-11-01,17.24236927
1989-12-01,17.6502129
1990-01-01,17.04884361
1990-02-01,16.50809352
1990-03-01,16.83374823
1990-04-01,16.8139139
1990-05-01,17.39241359
1990-06-01,17.81708282
1990-07-01,17.74717159
1990-08-01,16.16833476
1990-09-01,15.30128544
1990-10-01,14.81814797
1990-11-01,15.1876076
1990-12-01,15.84631497
1991-01-01,15.60619012
1991-02-01,17.35466475
1991-03-01,17.81862008
1991-04-01,18.1553459
1991-05-01,18.03543091
1991-06-01,18.01522704
1991-07-01,18.10345235
1991-08-01,18.51225846
1991-09-01,18.35728259
1991-10-01,18.34918799
1991-11-01,18.28886817
1991-12-01,18.44165231
1992-01-01,19.77306821
1992-02-01,19.58298297
1992-03-01,19.28356186
1992-04-01,19.30122951
1992-05-01,19.6622798
1992-06-01,19.31536597
1992-07-01,19.62074069
1992-08-01,19.7221375
1992-09-01,19.70876642
1992-10-01,19.37027108
1992-11-01,19.83365604
1992-12-01,20.44860672
1993-01-01,20.3234108
1993-02-01,20.54533679
1993-03-01,20.85520015
1993-04-01,20.45736202
1993-05-01,20.51760563
1993-06-01,20.60835701
1993-07-01,20.56459641
1993-08-01,20.81222755
1993-09-01,20.99350101
1993-10-01,21.10917825
1993-11-01,21.03790119
1993-12-01,21.16473208
1994-01-01,21.41197491
1994-02-01,21.26384019
1994-03-01,20.83337589
1994-04-01,20.05525009
1994-05-01,20.19649242
1994-06-01,20.29076369
1994-07-01,20.06795182
1994-08-01,20.5355494
1994-09-01,20.5764501
1994-10-01,20.39575928
1994-11-01,20.20947302
1994-12-01,19.91148411
1995-01-01,20.21911942
1995-02-01,20.80257176
1995-03-01,21.1527373
1995-04-01,21.64273926
1995-05-01,22.1954267
1995-06-01,22.71835676
1995-07-01,23.37641269
1995-08-01,23.28407026
1995-09-01,23.94600708
1995-10-01,23.92676276
1995-11-01,24.34758688
1995-12-01,25.02738066
1996-01-01,24.76246519
1996-02-01,25.97606555
1996-03-01,25.6299304
1996-04-01,25.42420385
1996-05-01,25.81404383
1996-06-01,25.96667356
1996-07-01,24.85841133
1996-08-01,25.41252912
1996-09-01,25.68011551
1996-10-01,26.48346772
1996-11-01,27.58561205
1996-12-01,27.72394616
1997-01-01,28.33287013
1997-02-01,29.26563488
1997-03-01,28.80245859
1997-04-01,27.58516034
1997-05-01,29.92836222
1997-06-01,31.25656062
1997-07-01,32.76663769
1997-08-01,32.58628349
1997-09-01,32.66658134
1997-10-01,32.90149818
1997-11-01,32.33660053
1997-12-01,33.03078904
1998-01-01,32.85996842
1998-02-01,34.70967778
1998-03-01,36.29692774
1998-04-01,37.27693404
1998-05-01,36.95659852
1998-06-01,36.80229346
1998-07-01,38.25964509
1998-08-01,35.42340102
1998-09-01,33.53235698
1998-10-01,33.77310288
1998-11-01,37.36939188
1998-12-01,38.82027478
1999-01-01,40.57695768
1999-02-01,40.40015923
1999-03-01,41.35610363
1999-04-01,42.70450952
1999-05-01,42.55667671
1999-06-01,42.18067591
1999-07-01,43.82803599
1999-08-01,41.93071216
1999-09-01,41.32345133
1999-10-01,40.5528544
1999-11-01,43.20829071
1999-12-01,44.19793976
2000-01-01,43.77257815
2000-02-01,42.18563589
2000-03-01,43.22074844
2000-04-01,43.52857429
2000-05-01,41.9660505
2000-06-01,42.78197157
2000-07-01,42.75809362
2000-08-01,42.86956549
2000-09-01,41.89800792
2000-10-01,39.36969904
2000-11-01,38.78214246
2000-12-01,37.274238
2001-01-01,36.978868
2001-02-01,35.83466265
2001-03-01,32.32583724
2001-04-01,32.17390117
2001-05-01,34.07464322
2001-06-01,33.06853441
2001-07-01,32.16303869
2001-08-01,31.40431876
2001-09-01,27.66739259
2001-10-01,28.57737311
2001-11-01,30.00510381
2001-12-01,30.49995326
2002-01-01,30.27720443
2002-02-01,29.08570415
2002-03-01,30.29213064
2002-04-01,29.00588325
2002-05-01,28.12810751
2002-06-01,26.38767254
2002-07-01,23.46312047
2002-08-01,23.58871353
2002-09-01,22.3650368
2002-10-01,21.95623386
2002-11-01,23.3483965
2002-12-01,23.10144254
2003-01-01,22.89834858
2003-02-01,21.21410212
2003-03-01,21.30971903
2003-04-01,22.42793958
2003-05-01,23.59108045
2003-06-01,24.83222326
2003-07-01,24.8673291
2003-08-01,24.64225141
2003-09-01,25.24368675
2003-10-01,25.68275607
2003-11-01,25.94679822
2003-12-01,26.63517051
2004-01-01,27.65854036
2004-02-01,27.65086204
2004-03-01,26.88653038
2004-04-01,26.90057751
2004-05-01,25.90281429
2004-06-01,26.40128537
2004-07-01,25.69588865
2004-08-01,25.17446223
2004-09-01,25.66840678
2004-10-01,25.41165567
2004-11-01,26.46531081
2004-12-01,27.14480869
2005-01-01,26.5872507
2005-02-01,26.74486313
2005-03-01,26.33914213
2005-04-01,25.40892257
2005-05-01,25.65023019
2005-06-01,26.06839487
2005-07-01,26.28787109
2005-08-01,26.10438141
2005-09-01,25.73012299
2005-10-01,24.87653872
2005-11-01,25.93178331
2005-12-01,26.44380311
2006-01-01,26.46870263
2006-02-01,26.24962476
2006-03-01,26.32783778
2006-04-01,26.14728094
2006-05-01,25.65064071
2006-06-01,24.74958224
2006-07-01,24.69678677
2006-08-01,25.05139356
2006-09-01,25.64415644
2006-10-01,26.53804028
2006-11-01,26.92802027
2006-12-01,27.28268979
2007-01-01,27.20753666
2007-02-01,27.31518141
2007-03-01,26.22760555
2007-04-01,26.97626831
2007-05-01,27.54849045
2007-06-01,27.41826274
2007-07-01,27.41008817
2007-08-01,26.14860719
2007-09-01,26.72574305
2007-10-01,27.32064813
2007-11-01,25.72905358
2007-12-01,25.95551011
2008-01-01,24.02231776
2008-02-01,23.4952634
2008-03-01,22.60681084
2008-04-01,23.35604064
2008-05-01,23.69643212
2008-06-01,22.4168128
2008-07-01,20.90720646
2008-08-01,21.40161736
2008-09-01,20.36273395
2008-10-01,16.38735655
2008-11-01,15.25965941
2008-12-01,15.37608075
2009-01-01,15.17465194
2009-02-01,14.1221818
2009-03-01,13.32366766
2009-04-01,14.98186645
2009-05-01,15.99635576
2009-06-01,16.38418282
2009-07-01,16.69462082
2009-08-01,18.0940698
2009-09-01,18.83190226
2009-10-01,19.35800844
2009-11-01,19.81276108
2009-12-01,20.3223765
2010-01-01,20.5278598
2010-02-01,19.92053931
2010-03-01,21.00460121
2010-04-01,21.8048456
2010-05-01,20.48006864
2010-06-01,19.74203985
2010-07-01,19.66866047
2010-08-01,19.77029917
2010-09-01,20.38139523
2010-10-01,21.24012765
2010-11-01,21.70072383
2010-12-01,22.39637977
2011-01-01,22.97829943
2011-02-01,23.4898287
2011-03-01,22.89933643
2011-04-01,23.14392945
2011-05-01,23.05949151
2011-06-01,22.10083129
2011-07-01,22.6109817
2011-08-01,20.04985272
2011-09-01,19.69811457
2011-10-01,20.15582479
2011-11-01,20.3452468
2011-12-01,20.5235755
2012-01-01,21.21300809
2012-02-01,21.79743596
2012-03-01,22.05394397
2012-04-01,21.77924691
2012-05-01,20.94146742
2012-06-01,20.54750409
2012-07-01,20.99934129
2012-08-01,21.41042845
2012-09-01,21.7836903
2012-10-01,21.57710965
2012-11-01,20.89816206
2012-12-01,21.23826114
2013-01-01,21.90047541
2013-02-01,22.05272434
2013-03-01,22.41920711
2013-04-01,22.5956554
2013-05-01,23.41184178
2013-06-01,22.92533317
2013-07-01,23.49246018
2013-08-01,23.35664909
2013-09-01,23.44228717
2013-10-01,23.83473789
2013-11-01,24.64207709
2013-12-01,24.8618693
2014-01-01,24.85960909
2014-02-01,24.59093088
2014-03-01,24.95603915
2014-04-01,24.7863154
2014-05-01,24.94327411
2014-06-01,25.55800762
2014-07-01,25.81754598
2014-08-01,25.61760642
2014-09-01,25.91843689
2014-10-01,25.16274828
2014-11-01,26.60681715
2014-12-01,26.79408548
2015-01-01,26.49229542
2015-02-01,26.9955137
2015-03-01,26.72860545
2015-04-01,26.79137168
2015-05-01,26.80611138
2015-06-01,26.49589529
2015-07-01,26.38113634
2015-08-01,25.69365842
2015-09-01,24.49675217
2015-10-01,25.49144105
2015-11-01,26.22585189
2015-12-01,25.96542404
2016-01-01,24.2061672
2016-02-01,24.00260678
2016-03-01,25.37229862
2016-04-01,25.92233754
2016-05-01,25.69470992
2016-06-01,25.84037293
2016-07-01,26.69400326
2016-08-01,26.94887243
2016-09-01,26.72787335
2016-10-01,26.52514309
2016-11-01,26.85095353
2016-12-01,27.86509822
2017-01-01,28.06357374
2017-02-01,28.65510653
2017-03-01,29.08692174
2017-04-01,28.90424596
2017-05-01,29.31334498
2017-06-01,29.74850324
2017-07-01,30.00222074
2017-08-01,29.9149594
2017-09-01,30.16811441
2017-10-01,30.92039329
2017-11-01,31.29891333
2017-12-01,32.08613201
2018-01-01,33.30734383
2018-02-01,32.03538234
2018-03-01,31.80840906
2018-04-01,30.97017929
2018-05-01,31.24361507
2018-06-01,31.6305565
2018-07-01,31.88636696
2018-08-01,32.39027688
2018-09-01,32.62289112
2018-10-01,31.03796108
2018-11-01,30.19558341
2018-12-01,28.29185701
2019-01-01,28.38016446
2019-02-01,29.54154897
2019-03-01,29.57619601
2019-04-01,30.13351717
2019-05-01,29.24203094
2019-06-01,29.28379628
2019-07-01,29.98668534
2019-08-01,28.70539737
2019-09-01,29.22952023
2019-10-01,28.84112288
2019-11-01,29.83686766
2019-12-01,30.33182232
2020-01-01,30.9852203
2020-02-01,30.7914793
2020-03-01,24.89979362
2020-04-01,25.88242837